{
 
    "myData": [
    {
      "firstname": "Rahul",
      "lastname": "Singh",
      "contact": "918115209989"
      
    },
    {
        "firstname": "Dev",
        "lastname": "Srivastava",
        "contact": "919616226874"
    },
    {
        "firstname": "Adita",
        "lastname": "Rawat",
        "contact": "918126762012"
    },
    {
        "firstname": "Nick",
        "lastname": "Sharma",
        "contact": "918924569258"
    },
    {
        "firstname": "Mohit",
        "lastname": "Tiwari",
        "contact": "918546287954"
    }
  ]
} 